-- ============================================================
-- 交付补充数据: 通知 + 收藏 + 用户设置
-- ============================================================
-- Assumes 50 investment-themed posts already in DB (IDs 1890100000000000001-050)
-- User 1  (陈志远)  → posts 1,2,4,50
-- User 2  (林晓雨)  → posts 11-15
-- User 3  (王明浩)  → posts 6-10
-- User 4  (张月明)  → posts 16,17,19,49
-- User 5  (李子木)  → posts 21-23
-- User 6  (赵晨希)  → posts 24-27
-- User 7  (刘天宇)  → posts 31-33
-- User 8  (孙亚琪)  → posts 28-30
-- User 9  (周博文)  → posts 34-36
-- User 10 (吴思涵)  → posts 37-39
-- User 12 (黄诗琪)  → posts 40-42
-- User 13 (杨睿哲)  → posts 3,5,47,48
-- User 14 (许文静)  → posts 43-44
-- User 15 (马骏豪)  → posts 45-46
-- ============================================================

SET NAMES utf8mb4;
SET FOREIGN_KEY_CHECKS = 0;

-- ============================================================
-- 0. 补全缺失 schema（如已存在则跳过）
-- ============================================================

CREATE TABLE IF NOT EXISTS favorite_folders (
    id         BIGINT UNSIGNED NOT NULL PRIMARY KEY,
    user_id    BIGINT UNSIGNED NOT NULL,
    name       VARCHAR(50)     NOT NULL,
    created_at DATETIME(3) NOT NULL DEFAULT CURRENT_TIMESTAMP(3),
    INDEX idx_user (user_id),
    CONSTRAINT fk_ff_user FOREIGN KEY (user_id) REFERENCES users(id) ON DELETE CASCADE
) ENGINE=InnoDB DEFAULT CHARSET=utf8mb4 COLLATE=utf8mb4_unicode_ci;

SET @col_exists = (
    SELECT COUNT(*) FROM information_schema.COLUMNS
    WHERE TABLE_SCHEMA = DATABASE() AND TABLE_NAME = 'user_favorites' AND COLUMN_NAME = 'folder_id'
);
SET @sql = IF(@col_exists = 0,
    'ALTER TABLE user_favorites ADD COLUMN folder_id BIGINT UNSIGNED NULL COMMENT ''所属收藏夹，NULL=默认''',
    'SELECT 1'
);
PREPARE stmt FROM @sql;
EXECUTE stmt;
DEALLOCATE PREPARE stmt;

-- ============================================================
-- Section 1: 通知数据
-- ============================================================
DELETE FROM notifications WHERE id >= 9100000000000000001;

INSERT IGNORE INTO notifications (id, recipient_id, actor_id, type, entity_type, entity_id, content, is_read, created_at) VALUES

-- LIKE 通知 (有人点赞了user1陈志远的帖子)
(9100000000000000001, 1, 2,  'LIKE',    'POST', 1890100000000000001, '林晓雨 点赞了你的帖子《如何读懂上市公司年报》', 1, '2026-05-01 09:00:00'),
(9100000000000000002, 1, 3,  'LIKE',    'POST', 1890100000000000001, '王明浩 点赞了你的帖子《如何读懂上市公司年报》', 1, '2026-05-01 10:00:00'),
(9100000000000000003, 1, 4,  'LIKE',    'POST', 1890100000000000004, '张月明 点赞了你的帖子《巴菲特的护城河理论在A股的实战应用》', 1, '2026-05-02 09:30:00'),
(9100000000000000004, 1, 5,  'LIKE',    'POST', 1890100000000000001, '李子木 点赞了你的帖子《如何读懂上市公司年报》', 1, '2026-05-03 14:00:00'),
(9100000000000000005, 1, 6,  'LIKE',    'POST', 1890100000000000004, '赵晨希 点赞了你的帖子《巴菲特的护城河理论在A股的实战应用》', 0, '2026-05-10 08:00:00'),
(9100000000000000006, 1, 7,  'LIKE',    'POST', 1890100000000000002, '刘天宇 点赞了你的帖子《PE、PB、PS估值指标详解》', 0, '2026-05-15 11:00:00'),
(9100000000000000007, 1, 8,  'LIKE',    'POST', 1890100000000000050, '孙亚琪 点赞了你的帖子《我的持仓复盘：如何建立一个完整的投资体系》', 0, '2026-05-20 16:30:00'),
(9100000000000000008, 1, 9,  'LIKE',    'POST', 1890100000000000050, '周博文 点赞了你的帖子《我的持仓复盘：如何建立一个完整的投资体系》', 0, '2026-05-22 10:00:00'),

-- COMMENT 通知
(9100000000000000011, 1, 2,  'COMMENT', 'POST', 1890100000000000001, '林晓雨 评论了你的帖子：「净利润率和毛利率应该结合行业平均水平来看」', 1, '2026-05-02 10:00:00'),
(9100000000000000012, 1, 3,  'COMMENT', 'POST', 1890100000000000001, '王明浩 评论了你的帖子：「商誉减值这一条很重要，经常被散户忽视」', 1, '2026-05-03 11:00:00'),
(9100000000000000013, 1, 6,  'COMMENT', 'POST', 1890100000000000004, '赵晨希 评论了你的帖子：「护城河在A股消费白马上体现得最明显」', 1, '2026-05-05 14:30:00'),
(9100000000000000014, 1, 10, 'COMMENT', 'POST', 1890100000000000050, '吴思涵 评论了你的帖子：「仓位管理部分讲得非常实用，收藏了」', 0, '2026-05-18 09:00:00'),
(9100000000000000015, 1, 11, 'COMMENT', 'POST', 1890100000000000001, '郑凯文 评论了你的帖子：「港股年报分析要额外注意非经常性损益项目」', 0, '2026-05-21 15:00:00'),
(9100000000000000016, 1, 13, 'COMMENT', 'POST', 1890100000000000004, '杨睿哲 评论了你的帖子：「A股的品牌护城河其实比技术护城河更持久」', 0, '2026-05-23 12:00:00'),

-- FOLLOW 通知
(9100000000000000021, 1, 2,  'FOLLOW',  NULL,   NULL, '林晓雨 关注了你', 1, '2026-04-20 08:00:00'),
(9100000000000000022, 1, 3,  'FOLLOW',  NULL,   NULL, '王明浩 关注了你', 1, '2026-04-22 10:00:00'),
(9100000000000000023, 1, 5,  'FOLLOW',  NULL,   NULL, '李子木 关注了你', 1, '2026-05-01 12:00:00'),
(9100000000000000024, 1, 8,  'FOLLOW',  NULL,   NULL, '孙亚琪 关注了你', 1, '2026-05-10 14:00:00'),
(9100000000000000025, 1, 12, 'FOLLOW',  NULL,   NULL, '黄诗琪 关注了你', 0, '2026-05-20 09:30:00'),
(9100000000000000026, 1, 15, 'FOLLOW',  NULL,   NULL, '马骏豪 关注了你', 0, '2026-05-22 17:00:00'),

-- SYSTEM 通知
(9100000000000000031, 1, NULL,'SYSTEM', NULL,   NULL, '欢迎来到颐享！完善个人信息可获得「初来乍到」勋章',         1, '2026-01-01 00:00:00'),
(9100000000000000032, 1, NULL,'SYSTEM', NULL,   NULL, '你的帖子《如何读懂上市公司年报》已通过审核并发布',          1, '2026-04-15 09:00:00'),
(9100000000000000033, 1, NULL,'SYSTEM', NULL,   NULL, '你的帖子《巴菲特的护城河理论》已通过审核并发布',             1, '2026-05-01 09:00:00'),
(9100000000000000034, 1, NULL,'SYSTEM', NULL,   NULL, '颐享平台已升级，新增圈子文件功能，快来体验吧',              0, '2026-05-20 10:00:00'),
(9100000000000000035, 1, NULL,'SYSTEM', NULL,   NULL, '恭喜！你已获得「知识达人」勋章（累计10篇优质内容）',         0, '2026-05-24 08:00:00'),

-- 给 user 2 (林晓雨量化分析师) 的通知
(9200000000000000001, 2, 1,  'LIKE',    'POST', 1890100000000000013, '陈志远 点赞了你的帖子《多因子选股模型入门》', 1, '2026-05-05 11:00:00'),
(9200000000000000002, 2, 3,  'LIKE',    'POST', 1890100000000000013, '王明浩 点赞了你的帖子《多因子选股模型入门》', 1, '2026-05-06 14:00:00'),
(9200000000000000003, 2, 1,  'COMMENT', 'POST', 1890100000000000013, '陈志远 评论了你的帖子：「动量因子在A股有效性比海外低，这点很重要」', 0, '2026-05-15 10:00:00'),
(9200000000000000004, 2, 5,  'FOLLOW',  NULL,   NULL,                 '李子木 关注了你', 1, '2026-05-10 08:00:00'),
(9200000000000000005, 2, NULL,'SYSTEM', NULL,   NULL,                 '欢迎来到颐享！完善个人资料，让更多投资者发现你', 1, '2026-01-02 09:07:00');

-- ============================================================
-- Section 2: 收藏数据
-- ============================================================
DELETE FROM user_favorites WHERE id >= 8800000000000000001;

INSERT IGNORE INTO user_favorites (id, user_id, post_id, created_at) VALUES
-- User 1 (陈志远) 收藏 18 条，横跨30天内外
(8800000000000000001, 1, 1890100000000000011, '2026-03-10 10:00:00'), -- 量化交易入门
(8800000000000000002, 1, 1890100000000000013, '2026-03-15 11:00:00'), -- 多因子选股
(8800000000000000003, 1, 1890100000000000016, '2026-03-20 12:00:00'), -- ETF定投指南
(8800000000000000004, 1, 1890100000000000021, '2026-03-25 13:00:00'), -- 可转债攻略
(8800000000000000005, 1, 1890100000000000022, '2026-04-01 09:00:00'), -- 可转债双低
(8800000000000000006, 1, 1890100000000000025, '2026-04-05 10:00:00'), -- 半导体国产替代
(8800000000000000007, 1, 1890100000000000028, '2026-04-10 11:00:00'), -- 降准降息影响
(8800000000000000008, 1, 1890100000000000029, '2026-04-15 12:00:00'), -- PMI/CPI/PPI
(8800000000000000009, 1, 1890100000000000034, '2026-04-20 13:00:00'), -- 期权入门
-- 最近30天内（计入monthlyNew）
(8800000000000000010, 1, 1890100000000000035, '2026-05-01 10:00:00'), -- Greeks指标
(8800000000000000011, 1, 1890100000000000036, '2026-05-05 11:00:00'), -- 备兑开仓
(8800000000000000012, 1, 1890100000000000043, '2026-05-10 12:00:00'), -- 公募REITs
(8800000000000000013, 1, 1890100000000000044, '2026-05-12 13:00:00'), -- 高股息投资
(8800000000000000014, 1, 1890100000000000045, '2026-05-14 14:00:00'), -- 损失厌恶
(8800000000000000015, 1, 1890100000000000046, '2026-05-16 09:00:00'), -- 市场情绪指标
(8800000000000000016, 1, 1890100000000000047, '2026-05-18 10:00:00'), -- 资产负债表
(8800000000000000017, 1, 1890100000000000048, '2026-05-20 11:00:00'), -- 财务指标对比
(8800000000000000018, 1, 1890100000000000049, '2026-05-22 12:00:00'), -- 2025年策略展望

-- User 2 (林晓雨) 收藏
(8800000000000000021, 2, 1890100000000000001, '2026-04-01 10:00:00'), -- 年报解读
(8800000000000000022, 2, 1890100000000000004, '2026-05-10 11:00:00'), -- 护城河理论
(8800000000000000023, 2, 1890100000000000049, '2026-05-15 12:00:00'), -- 2025策略展望

-- User 3 (王明浩) 收藏
(8800000000000000031, 3, 1890100000000000001, '2026-04-15 09:00:00'), -- 年报解读
(8800000000000000032, 3, 1890100000000000025, '2026-05-05 10:00:00'), -- 半导体
(8800000000000000033, 3, 1890100000000000027, '2026-05-15 11:00:00'), -- AI算力

-- User 4 (张月明) 收藏
(8800000000000000041, 4, 1890100000000000028, '2026-05-01 09:00:00'), -- 降准降息
(8800000000000000042, 4, 1890100000000000030, '2026-05-10 10:00:00'), -- 利率与股市

-- User 5 (李子木) 收藏
(8800000000000000051, 5, 1890100000000000008, '2026-05-10 09:00:00'), -- MACD深层逻辑
(8800000000000000052, 5, 1890100000000000010, '2026-05-20 10:00:00'); -- 支撑位压力位

-- ============================================================
-- Section 3: 用户设置
-- ============================================================
INSERT IGNORE INTO user_settings (user_id, notification_pref, privacy, theme, language) VALUES
(1, '{"like":true,"comment":true,"follow":true,"system":true,"dm":true}',  '{"hideFollowing":false,"hideCollections":false}', 'light', 'zh-CN'),
(2, '{"like":true,"comment":true,"follow":true,"system":true,"dm":false}', '{"hideFollowing":false,"hideCollections":false}', 'light', 'zh-CN'),
(3, '{"like":false,"comment":true,"follow":true,"system":true,"dm":true}', '{"hideFollowing":true,"hideCollections":false}',  'light', 'zh-CN'),
(4, '{"like":true,"comment":true,"follow":false,"system":true,"dm":true}', '{"hideFollowing":false,"hideCollections":false}', 'light', 'zh-CN'),
(5, '{"like":true,"comment":false,"follow":true,"system":false,"dm":true}','{"hideFollowing":false,"hideCollections":true}',  'dark',  'zh-CN');

-- ============================================================
-- Section 4: 关注关系补充
-- ============================================================
INSERT IGNORE INTO following (id, from_user_id, to_user_id, created_at) VALUES
(9500000000000000001, 2,  1, '2026-04-20 08:00:00'),
(9500000000000000002, 3,  1, '2026-04-22 10:00:00'),
(9500000000000000003, 5,  1, '2026-05-01 12:00:00'),
(9500000000000000004, 8,  1, '2026-05-10 14:00:00'),
(9500000000000000005, 12, 1, '2026-05-20 09:30:00'),
(9500000000000000006, 15, 1, '2026-05-22 17:00:00'),
(9500000000000000007, 1,  2, '2026-04-25 09:00:00'),
(9500000000000000008, 1,  3, '2026-04-26 10:00:00'),
(9500000000000000009, 1,  5, '2026-05-02 11:00:00');

INSERT IGNORE INTO follower (id, to_user_id, from_user_id, created_at) VALUES
(9500000000000000001, 1,  2, '2026-04-20 08:00:00'),
(9500000000000000002, 1,  3, '2026-04-22 10:00:00'),
(9500000000000000003, 1,  5, '2026-05-01 12:00:00'),
(9500000000000000004, 1,  8, '2026-05-10 14:00:00'),
(9500000000000000005, 1,  12,'2026-05-20 09:30:00'),
(9500000000000000006, 1,  15,'2026-05-22 17:00:00'),
(9500000000000000007, 2,  1, '2026-04-25 09:00:00'),
(9500000000000000008, 3,  1, '2026-04-26 10:00:00'),
(9500000000000000009, 5,  1, '2026-05-02 11:00:00');

SET FOREIGN_KEY_CHECKS = 1;
